state,samples,fraction
TU,19066,0.3775071775071775
TC,1411,0.02793782793782794
NC,28194,0.5582417582417583
PC,1834,0.03631323631323631
