state,samples,fraction
TU,19250,0.38115038115038113
TC,1248,0.02471042471042471
NC,28188,0.5581229581229581
PC,1819,0.03601623601623602
